"title","1depth","2depth","3depth","parent_community","depth","title_en","title_ko","title_ja","title_zh_hans","title_zh_hant","title_es","title_ru","title_ar"
"Game","게임","","","",1,"Game","게임","ゲーム","游戏","遊戲","juego","игра","لعبة"
"Role -Playing","게임","롤플레잉","","게임",2,"Role -Playing","롤플레잉","ロール・プレイング","角色扮演","角色扮演","Juego de rol","Роль -Игра","لعب الأدوار"
"Action Rpg","게임","롤플레잉","액션 RPG","게임",3,"Action Rpg","액션 RPG","アクションRPG","动作RPG","動作RPG","RPG de acción","Действие RPG","عمل RPG"
"Adventure Rpg","게임","롤플레잉","어드벤처 RPG","게임",3,"Adventure Rpg","어드벤처 RPG","アドベンチャーRPG","冒险RPG","冒險RPG","RPG de aventura","Приключение RPG","المغامرة RPG"
"Casual","게임","롤플레잉","캐주얼","게임",3,"Casual","캐주얼","カジュアル","随意的","隨意的","casual","повседневный","غير رسمي"
"Jrpg","게임","롤플레잉","JRPG","게임",3,"Jrpg","JRPG","jrpg","JRPG","JRPG","Jrpg","Jrpg","JRPG"
"Party Rpg","게임","롤플레잉","파티 RPG","게임",3,"Party Rpg","파티 RPG","パーティーRPG","聚会RPG","聚會RPG","RPG de fiesta","Партия RPG","حزب RPG"
"Strategic Rpg","게임","롤플레잉","전략 RPG","게임",3,"Strategic Rpg","전략 RPG","戦略的RPG","战略性RPG","戰略性RPG","RPG estratégico","Стратегическая RPG","RPG الاستراتيجية"
"Loglike","게임","롤플레잉","로그라이크","게임",3,"Loglike","로그라이크","loglike","logike","logike","Como log","Логически похожий","loglike"
"Etc","게임","롤플레잉","기타","게임",3,"Etc","기타","等","ETC","ETC","etc.","и т. д.","إلخ"
"Simulation","게임","시뮬레이션","","게임",2,"Simulation","시뮬레이션","シミュレーション","模拟","模擬","simulación","симуляция","محاكاة"
"Fps/Shooting","게임","FPS/슈팅","","게임",2,"Fps/Shooting","FPS/슈팅","FPS/射撃","FPS/射击","FPS/射擊","FPS/disparos","FPS/стрельба","FPS/إطلاق النار"
"Fortress","게임","FPS/슈팅","포트리스","게임",3,"Fortress","포트리스","要塞","堡垒","堡壘","Fortaleza","Крепость","قلعة"
"Arcade","게임","FPS/슈팅","아케이드","게임",3,"Arcade","아케이드","アーケード","拱廊","拱廊","arcada","аркада","ممر"
"Arena","게임","FPS/슈팅","아레나","게임",3,"Arena","아레나","アリーナ","竞技场","競技場","Arena","Арена","الساحة"
"Battle Royale","게임","FPS/슈팅","배틀 로얄","게임",3,"Battle Royale","배틀 로얄","バトルロワイアル","大皇家队","大皇家隊","Batalla real","Битва Рояль","معركة رويال"
"Military","게임","FPS/슈팅","밀리터리","게임",3,"Military","밀리터리","軍隊","军队","軍隊","militar","военный","جيش"
"Hero","게임","FPS/슈팅","영웅","게임",3,"Hero","영웅","ヒーロー","英雄","英雄","héroe","герой","بطل"
"Platform","게임","FPS/슈팅","플랫폼","게임",3,"Platform","플랫폼","プラットホーム","平台","平台","plataforma","Платформа","منصة"
"Loglike","게임","FPS/슈팅","로그라이크","게임",3,"Loglike","로그라이크","loglike","logike","logike","Como log","Логически похожий","loglike"
"Etc","게임","FPS/슈팅","기타","게임",3,"Etc","기타","等","ETC","ETC","etc.","и т. д.","إلخ"
"Action/Adventure","게임","액션/어드벤처","","게임",2,"Action/Adventure","액션/어드벤처","アクションアドベンチャー","动作/冒险","動作/冒險","Acción Aventura","Действие/приключение","عمل مغامرة"
"Racing","게임","레이싱","","게임",2,"Racing","레이싱","レース","赛车","賽車","carreras","гонки","سباق"
"Sports","게임","스포츠","","게임",2,"Sports","스포츠","スポーツ","运动的","運動的","Deportes","виды спорта","رياضات"
"Mobile","게임","모바일","","게임",2,"Mobile","모바일","携帯","移动的","移動的","móvil","мобильный","متحرك"
"Video","게임","비디오","","게임",2,"Video","비디오","ビデオ","视频","影片","video","видео","فيديو"
"Music/Rhythm","게임","음악/리듬","","게임",2,"Music/Rhythm","음악/리듬","音楽/リズム","音乐/节奏","音樂/節奏","Música/ritmo","Музыка/ритм","الموسيقى/الإيقاع"
"Puzzle","게임","퍼즐","","게임",2,"Puzzle","퍼즐","パズル","谜","謎","rompecabezas","головоломка","لغز"
"Fear","게임","공포","","게임",2,"Fear","공포","恐れ","害怕","害怕","miedo","страх","يخاف"
"Indie","게임","인디","","게임",2,"Indie","인디","インディー","独立","獨立","Indie","Инди","إيندي"
"Manga/Annie","만화/애니","","","",1,"Manga/Annie","만화/애니","マンガ/アニー","漫画/安妮","漫畫/安妮","Manga/Annie","Манга/Энни","المانجا/آني"
"Comic Book","만화/애니","만화","","만화/애니",2,"Comic Book","만화","コミックブック","漫画书","漫畫書","libro cómico","комикс","كتاب الشخصيات"
"Animated Movie","만화/애니","애니메이션","","만화/애니",2,"Animated Movie","애니메이션","アニメ映画","动画片","動畫片","película animada","анимационный фильм","فيلم متحرك"
"Genuine/Drama","만화/애니","순정/드라마","","만화/애니",2,"Genuine/Drama","순정/드라마","本物/ドラマ","真正的/戏剧","真正的/戲劇","Genuino/drama","Подлинная/драма","حقيقية/دراما"
"Comic","만화/애니","코믹","","만화/애니",2,"Comic","코믹","漫画","漫画","漫畫","cómic","комикс","رسوم متحركة"
"Action/Martial Arts","만화/애니","액션/무협","","만화/애니",2,"Action/Martial Arts","액션/무협","アクション/武道","动作/武术","動作/武術","Acción/artes marciales","Действие/боевые искусства","أكشن/فنون القتال"
"Horror/Reasoning","만화/애니","공포/추리","","만화/애니",2,"Horror/Reasoning","공포/추리","ホラー/推論","恐怖/推理","恐怖/推理","Horror/razonamiento","Ужас/рассуждения","الرعب/التفكير"
"Fantasy/Sf","만화/애니","판타지/SF","","만화/애니",2,"Fantasy/Sf","판타지/SF","ファンタジー/sf","幻想/sf","幻想/sf","Fantasía/SF","Fantasy/SF","الخيال/SF"
"Sports","만화/애니","스포츠","","만화/애니",2,"Sports","스포츠","スポーツ","运动的","運動的","Deportes","виды спорта","رياضات"
"Basketball","만화/애니","스포츠","농구","만화/애니",3,"Basketball","농구","バスケットボール","篮球","籃球","baloncesto","баскетбол","كرة سلة"
"Baseball","만화/애니","스포츠","야구","만화/애니",3,"Baseball","야구","野球","棒球","棒球","béisbol","бейсбол","البيسبول"
"Soccer","만화/애니","스포츠","축구","만화/애니",3,"Soccer","축구","サッカー","足球","足球","fútbol","футбольный","كرة القدم"
"Tennis","만화/애니","스포츠","테니스","만화/애니",3,"Tennis","테니스","テニス","网球","網球","tenis","большой теннис","تنس"
"Badminton","만화/애니","스포츠","배드민턴","만화/애니",3,"Badminton","배드민턴","バドミントン","羽毛球","羽毛球","Bádminton","Бадминтон","تنس الريشة"
"Ping-Pong","만화/애니","스포츠","탁구","만화/애니",3,"Ping-Pong","탁구","卓球","乒乓","乒乓","Ping pong","Настольный теннис","بينج بونج"
"Volleyball","만화/애니","스포츠","배구","만화/애니",3,"Volleyball","배구","バレーボール","排球","排球","vóleibol","волейбол","الكرة الطائرة"
"Swimming","만화/애니","스포츠","수영","만화/애니",3,"Swimming","수영","水泳","游泳","游泳","nadar","плавание","سباحة"
"Boxing","만화/애니","스포츠","복싱","만화/애니",3,"Boxing","복싱","ボクシング","拳击","拳擊","boxeo","заниматься боксом","ملاكمة"
"Etc","만화/애니","스포츠","기타","만화/애니",3,"Etc","기타","等","ETC","ETC","etc.","и т. д.","إلخ"
"Web Toon","만화/애니","웹툰","","만화/애니",2,"Web Toon","웹툰","Web Toon","Web Toon","Web Toon","Web toon","Веб","ويب تون"
"Broadcast","방송","","","",1,"Broadcast","방송","放送","播送","播送","transmisión","транслировать","إذاعة"
"Tv","방송","TV","","방송",2,"Tv","TV","テレビ","电视","電視","TELEVISOR","ТВ","تلفزيون"
"Radio","방송","라디오","","방송",2,"Radio","라디오","無線","收音机","收音機","radio","радио","مذياع"
"Internet","방송","인터넷","","방송",2,"Internet","인터넷","インターネット","互联网","網際網路","Internet","Интернет","إنترنت"
"Newspaper/Magazine","방송","신문/잡지","","방송",2,"Newspaper/Magazine","신문/잡지","新聞/雑誌","报纸/杂志","報紙/雜誌","Periódico revista","Газета/журнал","مجلة صحيفة"
"Culture/Art","문화/예술","","","",1,"Culture/Art","문화/예술","文化/芸術","文化/艺术","文化/藝術","Cultura/arte","Культура/искусство","الثقافة/الفن"
"Theater","문화/예술","연극","","문화/예술",2,"Theater","연극","劇場","剧院","劇院","teatro","театр","مسرح"
"Musical/Opera","문화/예술","뮤지컬/오페라","","문화/예술",2,"Musical/Opera","뮤지컬/오페라","ミュージカル/オペラ","音乐/歌剧","音樂/歌劇","Musical/ópera","Музыкальная/опера","الموسيقية/الأوبرا"
"Dance/Dance","문화/예술","무용/댄스","","문화/예술",2,"Dance/Dance","무용/댄스","ダンス/ダンス","舞","舞","Baila Baila","Танец/танец","ارقص ارقص"
"Conversation","문화/예술","회화","","문화/예술",2,"Conversation","회화","会話","对话","對話","conversación","беседа","محادثة"
"Craft/Decorative Art","문화/예술","공예/장식미술","","문화/예술",2,"Craft/Decorative Art","공예/장식미술","クラフト/装飾アート","工艺/装饰艺术","工藝/裝飾藝術","Arte de artesanía/decorativo","Ремесло/декоративное искусство","فن الحرفة/الزخرفية"
"Sculpture/Pottery","문화/예술","조소/도예","","문화/예술",2,"Sculpture/Pottery","조소/도예","彫刻/陶器","雕塑/陶器","雕塑/陶器","Escultura/cerámica","Скульптура/Керамика","النحت/الفخار"
"Calligraphy","문화/예술","서예","","문화/예술",2,"Calligraphy","서예","書道","书法","書法","Caligrafía","Каллиграфия","فن الخط"
"Design","문화/예술","디자인","","문화/예술",2,"Design","디자인","デザイン","设计","設計","diseño","дизайн","تصميم"
"Graphic Design","문화/예술","디자인","그래픽 디자인","문화/예술",3,"Graphic Design","그래픽 디자인","グラフィックデザイン","平面设计","平面設計","Diseño gráfico","Графический дизайн","التصميم الجرافيكي"
"Web Design","문화/예술","디자인","웹 디자인","문화/예술",3,"Web Design","웹 디자인","ウェブデザイン","网页设计","網頁設計","diseño web","веб-дизайн","تصميم الويب"
"Package Design","문화/예술","디자인","패키지 디자인","문화/예술",3,"Package Design","패키지 디자인","パッケージデザイン","包装设计","包裝設計","Diseño del paquete","Дизайн упаковки","تصميم الطرد"
"Fashion Design","문화/예술","디자인","패션 디자인","문화/예술",3,"Fashion Design","패션 디자인","ファッションデザイン","时尚设计","時尚設計","Diseño de moda","Модный дизайн","تصميم الأزياء"
"Interior Design","문화/예술","디자인","인테리어 디자인","문화/예술",3,"Interior Design","인테리어 디자인","インテリア・デザイン","室内设计","室內設計","Diseño de interiores","Дизайн интерьера","تصميم داخلي"
"Industrial Design","문화/예술","디자인","산업 디자인","문화/예술",3,"Industrial Design","산업 디자인","工業デザイン","工业设计","工業設計","Diseño industrial","Индустриальный дизайн","التصميم الصناعي"
"Illustration","문화/예술","디자인","일러스트레이션","문화/예술",3,"Illustration","일러스트레이션","図","插图","插圖","Ilustración","Иллюстрация","توضيح"
"Animation Design","문화/예술","디자인","애니메이션 디자인","문화/예술",3,"Animation Design","애니메이션 디자인","アニメーションデザイン","动画设计","動畫設計","Diseño de animación","Анимационный дизайн","تصميم الرسوم المتحركة"
"Visual Design","문화/예술","디자인","비주얼 디자인","문화/예술",3,"Visual Design","비주얼 디자인","ビジュアルデザイン","视觉设计","視覺設計","Diseño visual","Визуальный дизайн","التصميم البصري"
"Industrial Production Design","문화/예술","디자인","산업 생산 디자인","문화/예술",3,"Industrial Production Design","산업 생산 디자인","工業生産設計","工业生产设计","工業生產設計","Diseño de producción industrial","Промышленное производство дизайн","تصميم الإنتاج الصناعي"
"Environmental Design","문화/예술","디자인","환경 디자인","문화/예술",3,"Environmental Design","환경 디자인","環境デザイン","环境设计","環境設計","Diseño ambiental","Экологический дизайн","تصميم بيئي"
"Design Editor","문화/예술","디자인","편집 디자인","문화/예술",3,"Design Editor","편집 디자인","デザインエディター","设计编辑","設計編輯","Editor de diseño","Редактор дизайна","محرر التصميم"
"Ui/Ux Design","문화/예술","디자인","UI/UX 디자인","문화/예술",3,"Ui/Ux Design","UI/UX 디자인","UI/UXデザイン","UI/UX设计","UI/UX設計","Diseño de UI/UX","Ui/ux дизайн","تصميم UI/UX"
"Product Design","문화/예술","디자인","프로덕트 디자인","문화/예술",3,"Product Design","프로덕트 디자인","製品デザイン","产品设计","產品設計","Diseño de producto","Дизайн продукта","تصميم المنتج"
"Etc","문화/예술","디자인","기타","문화/예술",3,"Etc","기타","等","ETC","ETC","etc.","и т. д.","إلخ"
"Construct","문화/예술","건축","","문화/예술",2,"Construct","건축","構成","构造","構造","construir","конструкция","بناء"
"Picture","문화/예술","사진","","문화/예술",2,"Picture","사진","写真","图片","圖片","imagen","картина","صورة"
"Art Museum/Museum","문화/예술","미술관/박물관","","문화/예술",2,"Art Museum/Museum","미술관/박물관","美術館/博物館","美术馆/博物馆","美術館/博物館","Museo/museo de arte","Художественный музей/музей","متحف/متحف فني"
"Movie","영화","","","",1,"Movie","영화","映画","电影","電影","película","фильм","فيلم"
"Drama/Romance","영화","드라마/로맨스","","영화",2,"Drama/Romance","드라마/로맨스","ドラマ/ロマンス","戏剧/浪漫","戲劇/浪漫","Drama/romance","Драма/Романтика","الدراما/الرومانسية"
"Comedy","영화","코미디","","영화",2,"Comedy","코미디","コメディ","喜剧","喜劇","comedia","комедия","كوميديا"
"Romantic Comedy","영화","코미디","로맨틱 코미디","영화",3,"Romantic Comedy","로맨틱 코미디","ラブコメ","浪漫喜剧","浪漫喜劇","Comedia romántica","Романтическая комедия","كوميديا ​​رومانسية"
"Comedy","영화","코미디","희극","영화",3,"Comedy","희극","コメディ","喜剧","喜劇","comedia","комедия","كوميديا"
"Black Comedy","영화","코미디","블랙 코미디","영화",3,"Black Comedy","블랙 코미디","ブラックコメディ","黑色喜剧","黑色喜劇","Comedia de humor negro","Черная комедия","الكوميديا ​​السوداء"
"Animated Movie","영화","코미디","애니메이션","영화",3,"Animated Movie","애니메이션","アニメ映画","动画片","動畫片","película animada","анимационный фильм","فيلم متحرك"
"Parody","영화","코미디","패러디","영화",3,"Parody","패러디","パロディー","模仿","模仿","parodia","пародия","محاكاة ساخرة"
"Etc","영화","코미디","기타","영화",3,"Etc","기타","等","ETC","ETC","etc.","и т. д.","إلخ"
"Action/Martial Arts","영화","액션/무협","","영화",2,"Action/Martial Arts","액션/무협","アクション/武道","动作/武术","動作/武術","Acción/artes marciales","Действие/боевые искусства","أكشن/فنون القتال"
"Horror/Thriller","영화","공포/스릴러","","영화",2,"Horror/Thriller","공포/스릴러","ホラー/スリラー","恐怖/惊悚片","恐怖/驚悚片","Horror/thriller","Ужас/триллер","الرعب/الإثارة"
"Sf/Fantasy","영화","SF/판타지","","영화",2,"Sf/Fantasy","SF/판타지","SF/ファンタジー","SF/幻想","SF/幻想","SF/Fantasía","SF/Fantasy","SF/Fantasy"
"Documentary","영화","다큐멘터리","","영화",2,"Documentary","다큐멘터리","ドキュメンタリー","记录","記錄","documental","документальный","وثائقي"
"Classic/History","영화","고전/역사","","영화",2,"Classic/History","고전/역사","クラシック/歴史","经典/历史","經典/歷史","Clásico/historia","Классика/История","الكلاسيكية/التاريخ"
"Indie/Art","영화","인디/예술","","영화",2,"Indie/Art","인디/예술","インディー/アート","独立/艺术","獨立/藝術","Indie/arte","Инди/искусство","إيندي/الفن"
"Film Production","영화","영화제작","","영화",2,"Film Production","영화제작","映画制作","电影制作","電影製作","Produccion de pelicula","Кинопроизводство","إنتاج سينمائي"
"Cinema/Theater","영화","영화관/극장","","영화",2,"Cinema/Theater","영화관/극장","映画/劇場","电影/剧院","電影/劇院","Cine/teatro","Кино/театр","السينما/المسرح"
"Film Festival/Criticism","영화","영화제/평론","","영화",2,"Film Festival/Criticism","영화제/평론","映画祭/批評","电影节/批评","電影節/批評","Festival de cine/crítica","Кинофестиваль/критика","مهرجان السينما/النقد"
"Music","음악","","","",1,"Music","음악","音楽","音乐","音樂","música","музыка","موسيقى"
"Ballade","음악","발라드","","음악",2,"Ballade","발라드","バラード","巴拉德","巴拉德","Balada","Баллада","Ballade"
"Hip -Hop/Dance","음악","힙합/댄스","","음악",2,"Hip -Hop/Dance","힙합/댄스","ヒップ - ホップ/ダンス","嘻哈/舞蹈","嘻哈/舞蹈","Danza hip hop","Бедра/танец","رقصة الهيب هوب"
"Pop/R&B","음악","팝/R&B","","음악",2,"Pop/R&B","팝/R&B","ポップ/R＆B","流行/R＆B","流行/R＆B","Pop/R&B","POP/R & B","البوب/R & B"
"Rock/Metal","음악","록/메탈","","음악",2,"Rock/Metal","록/메탈","ロック/メタル","岩石/金属","岩石/金屬","Rock metalico","Рок/Металл","موسيقى الروك/المعدن"
"Indie","음악","인디","","음악",2,"Indie","인디","インディー","独立","獨立","Indie","Инди","إيندي"
"Jazz/New Age","음악","재즈/뉴에이지","","음악",2,"Jazz/New Age","재즈/뉴에이지","ジャズ/ニューエイジ","爵士/新时代","爵士/新時代","Jazz/Nueva Era","Джаз/Новый Эйдж","موسيقى الجاز/العصر الجديد"
"Classic","음악","클래식","","음악",2,"Classic","클래식","クラシック","经典的","經典的","clásico","Классик","كلاسيكي"
"Vocal Music/Opera","음악","성악/오페라","","음악",2,"Vocal Music/Opera","성악/오페라","ボーカルミュージック/オペラ","声乐/歌剧","聲樂/歌劇","Música vocal/ópera","Вокальная музыка/опера","الموسيقى الصوتية/الأوبرا"
"Korean Traditional Music/Folklore","음악","국악/민속","","음악",2,"Korean Traditional Music/Folklore","국악/민속","韓国の伝統音楽/民間伝承","韩国传统音乐/民俗","韓國傳統音樂/民俗","Música/folklore tradicional coreano","Корейская традиционная музыка/фольклор","الموسيقى التقليدية الكورية/الفولكلور"
"Ost","음악","OST","","음악",2,"Ost","OST","ost","Ost","Ost","Ost","Ост","أوست"
"Theory/Review","음악","이론/평론","","음악",2,"Theory/Review","이론/평론","理論/レビュー","理论/评论","理論/評論","Teoría/revisión","Теория/обзор","النظرية/المراجعة"
"Composition/Lyrics","음악","작곡/작사","","음악",2,"Composition/Lyrics","작곡/작사","作曲/歌詞","作曲/歌词","作曲/歌詞","Composición/letra","Композиция/текст","تكوين/كلمات"
"Song/Performance","음악","노래/연주","","음악",2,"Song/Performance","노래/연주","歌/パフォーマンス","歌曲/表演","歌曲/表演","Canción/actuación","Песня/исполнение","أغنية/أداء"
"Concert","음악","콘서트","","음악",2,"Concert","콘서트","コンサート","音乐会","音樂會","concierto","концерт","حفلة موسيقية"
"Musical Instrument/Sheet Music","음악","악기/악보","","음악",2,"Musical Instrument/Sheet Music","악기/악보","楽器/楽譜","乐器/乐谱","樂器/樂譜","Instrumento musical/partitura","Музыкальный инструмент/ноты","آلة موسيقية/موسيقى ورقة"
"Music Video","음악","뮤직비디오","","음악",2,"Music Video","뮤직비디오","ミュージックビデオ","音乐视频","音樂視頻","Video musical","Клип","أغنية مصورة"
"Etc","음악","기타","","음악",2,"Etc","기타","等","ETC","ETC","etc.","и т. д.","إلخ"
"Fan Club","팬클럽","","","",1,"Fan Club","팬클럽","ファンクラブ","粉丝俱乐部","粉絲俱樂部","Club de fans","Фан-клуб","نادي المعجبين"
"Actor","팬클럽","배우","","팬클럽",2,"Actor","배우","俳優","演员","演員","actor","актер","الممثل"
"Male Actor","팬클럽","배우","남성 배우","팬클럽",3,"Male Actor","남성 배우","男性俳優","男演员","男演員","Actor masculino","Мужской актер","ممثل ذكر"
"Female Actor","팬클럽","배우","여성 배우","팬클럽",3,"Female Actor","여성 배우","女性俳優","女演员","女演員","Actor femenina","Женщина -актер","ممثلة انثى"
"Child Actor","팬클럽","배우","아역 배우","팬클럽",3,"Child Actor","아역 배우","子俳優","儿童演员","兒童演員","Actor infantil","Детский актер","ممثل الطفل"
"Movie","팬클럽","배우","영화","팬클럽",3,"Movie","영화","映画","电影","電影","película","фильм","فيلم"
"Drama","팬클럽","배우","드라마","팬클럽",3,"Drama","드라마","ドラマ","戏剧","戲劇","drama","драма","دراما"
"Documentary","팬클럽","배우","다큐","팬클럽",3,"Documentary","다큐","ドキュメンタリー","记录","記錄","Documental","Документальный","وثائقي"
"Theater","팬클럽","배우","연극","팬클럽",3,"Theater","연극","劇場","剧院","劇院","teatro","театр","مسرح"
"Musical","팬클럽","배우","뮤지컬","팬클럽",3,"Musical","뮤지컬","ミュージカル","音乐","音樂","musical","мюзикл","موسيقي"
"Opera","팬클럽","배우","오페라","팬클럽",3,"Opera","오페라","オペラ","歌剧","歌劇","ópera","опера","أوبرا"
"Etc","팬클럽","배우","기타","팬클럽",3,"Etc","기타","等","ETC","ETC","etc.","и т. д.","إلخ"
"Fan Club","팬클럽","","","",1,"Fan Club","팬클럽","ファンクラブ","粉丝俱乐部","粉絲俱樂部","Club de fans","Фан-клуб","نادي المعجبين"
"Musician","팬클럽","뮤지션","","팬클럽",2,"Musician","뮤지션","音楽家","音乐家","音樂家","músico","музыкант","موسيقي او عازف"
"K-Pop","팬클럽","뮤지션","K-POP","팬클럽",3,"K-Pop","K-POP","k-pop","k-pop","k-pop","K-pop","K-pop","K-pop"
"J-Pop","팬클럽","뮤지션","J-POP","팬클럽",3,"J-Pop","J-POP","j-pop","J-Pop","J-Pop","J-pop","J-Pop","J-pop"
"Billboard","팬클럽","뮤지션","빌보드","팬클럽",3,"Billboard","빌보드","ビルボード","广告牌","廣告牌","Cartelera","Billboard","لوحة"
"Ballade","팬클럽","뮤지션","발라드","팬클럽",3,"Ballade","발라드","バラード","巴拉德","巴拉德","Balada","Баллада","Ballade"
"Pop","팬클럽","뮤지션","팝","팬클럽",3,"Pop","팝","ポップ","流行音乐","流行音樂","Estallido","Поп","البوب"
"Lock","팬클럽","뮤지션","락","팬클럽",3,"Lock","락","ロック","锁","鎖","Cerrar","Замок","قفل"
"Hip Hop","팬클럽","뮤지션","힙합","팬클럽",3,"Hip Hop","힙합","ヒップホップ","嘻哈","嘻哈","Hip hop","Хип-хоп","هيب هوب"
"Edm","팬클럽","뮤지션","EDM","팬클럽",3,"Edm","EDM","EDM","EDM","EDM","EDM","Эдм","EDM"
"Jazz","팬클럽","뮤지션","재즈","팬클럽",3,"Jazz","재즈","ジャズ","爵士乐","爵士樂","jazz","джаз","موسيقى الجاز"
"Reggae","팬클럽","뮤지션","레게","팬클럽",3,"Reggae","레게","レゲエ","雷鬼","雷鬼","Reggae","Регги","الريغي"
"Metal","팬클럽","뮤지션","메탈","팬클럽",3,"Metal","메탈","金属","金属","金屬","metal","металл","معدن"
"R&B","팬클럽","뮤지션","R&B","팬클럽",3,"R&B","R&B","R＆B","R＆B","R＆B","R&B","R & B.","R&B"
"Model","팬클럽","모델","","팬클럽",2,"Model","모델","モデル","模型","模型","Modelo","Модель","نموذج"
"Sports Player","팬클럽","스포츠 선수","","팬클럽",2,"Sports Player","스포츠 선수","スポーツ選手","运动员","運動員","Deportista","Спортивный игрок","لاعب رياضي"
"Musician","팬클럽","음악가","","팬클럽",2,"Musician","음악가","音楽家","音乐家","音樂家","Músico","Музыкант","موسيقي او عازف"
"Entertainer","팬클럽","예능인","","팬클럽",2,"Entertainer","예능인","エンターテイナー","艺人","藝人","Artista","Артист","الفنان"
"Announcer","팬클럽","아나운서","","팬클럽",2,"Announcer","아나운서","アナウンサー","播音员","播音員","locutor","диктор","مذيع"
"Author","팬클럽","작가","","팬클럽",2,"Author","작가","著者","作者","作者","autor","автор","مؤلف"
"Etc","팬클럽","기타","","팬클럽",2,"Etc","기타","等","ETC","ETC","etc.","и т. д.","إلخ"
"Sports","스포츠","","","",1,"Sports","스포츠","スポーツ","运动的","運動的","Deportes","виды спорта","رياضات"
"Soccer","스포츠","축구","","스포츠",2,"Soccer","축구","サッカー","足球","足球","fútbol","футбольный","كرة القدم"
"Elp","스포츠","축구","ELP","스포츠",3,"Elp","ELP","エル・P","ELP","ELP","Pez","ELP","ايل ع"
"La Liga","스포츠","축구","라 리가","스포츠",3,"La Liga","라 리가","ラリーガ","西甲","西甲","la Liga","Ла Лига","ليجا"
"Serie A","스포츠","축구","세리에 A","스포츠",3,"Serie A","세리에 A","セリエa","意甲","意甲","serie A","Серия А.","دوري الدرجة الأولى"
"Bundesliga","스포츠","축구","분데스리가","스포츠",3,"Bundesliga","분데스리가","ブンデスリーガ","德甲","德甲","Bundesliga","Бундеслига","البوندسليجا"
"League 1","스포츠","축구","리그 1","스포츠",3,"League 1","리그 1","リーグ1","联赛1","聯賽1","Liga 1","Лига 1","الدوري 1"
"Brazilian Serie A","스포츠","축구","브라질 세리에 A","스포츠",3,"Brazilian Serie A","브라질 세리에 A","ブラジルのセリエa","巴西意甲","巴西意甲","Serie brasileña A","Бразильская серия А.","دوري الدراسية البرازيلية"
"Argentina Primera Division","스포츠","축구","아르헨티나 프리메라 디비시온","스포츠",3,"Argentina Primera Division","아르헨티나 프리메라 디비시온","アルゼンチンプリメラ部門","阿根廷Primera分部","阿根廷Primera分部","División de Primera Argentina","Аргентина ПРИМЕРА разделение","قسم الأرجنتين بريميرا"
"Liga Mx","스포츠","축구","Liga MX","스포츠",3,"Liga Mx","Liga MX","リーガMX","LIGA MX","LIGA MX","Liga MX","Лига MX","ليجا MX"
"K -League","스포츠","축구","K리그","스포츠",3,"K -League","K리그","K-リーグ","k-联合国","k-聯合國","K -LEAGUE","K -league","K -League"
"J League","스포츠","축구","J리그","스포츠",3,"J League","J리그","Jリーグ","J联赛","J聯賽","Liga J","J League","J League"
"Csl","스포츠","축구","CSL","스포츠",3,"Csl","CSL","CSL","CSL","CSL","CSL","CSL","CSL"
"Youth Soccer","스포츠","축구","유소년 축구","스포츠",3,"Youth Soccer","유소년 축구","ユースサッカー","青年足球","青年足球","Fútbol juvenil","Молодежный футбол","كرة القدم للشباب"
"Soccer","스포츠","축구","사회인 축구","스포츠",3,"Soccer","사회인 축구","サッカー","足球","足球","Fútbol","Футбольный","كرة القدم"
"Female Football","스포츠","축구","여성 축구","스포츠",3,"Female Football","여성 축구","女性フットボール","女足球","女足球","Fútbol femenino","Женский футбол","كرة قدم أنثى"
"Etc","스포츠","축구","기타","스포츠",3,"Etc","기타","等","ETC","ETC","etc.","и т. д.","إلخ"
"Baseball","스포츠","야구","","스포츠",2,"Baseball","야구","野球","棒球","棒球","béisbol","бейсбол","البيسبول"
"Mlb","스포츠","야구","MLB","스포츠",3,"Mlb","MLB","MLB","MLB","MLB","MLB","MLB","MLB"
"Kbo","스포츠","야구","KBO","스포츠",3,"Kbo","KBO","KBO","KBO","KBO","Kbo","Kbo","KBO"
"Npb","스포츠","야구","NPB","스포츠",3,"Npb","NPB","NPB","NPB","NPB","NPB","Npb","NPB"
"Cpbl","스포츠","야구","CPBL","스포츠",3,"Cpbl","CPBL","CPBL","CPBL","CPBL","CPBL","CPBL","CPBL"
"Lmb","스포츠","야구","LMB","스포츠",3,"Lmb","LMB","LMB","LMB","LMB","LMB","LMB","LMB"
"Lvbp","스포츠","야구","LVBP","스포츠",3,"Lvbp","LVBP","LVBP","LVBP","LVBP","LVBP","LVBP","LVBP"
"Youth Baseball","스포츠","야구","유소년 야구","스포츠",3,"Youth Baseball","유소년 야구","青少年野球","青年棒球","青年棒球","Béisbol juvenil","Молодежный бейсбол","البيسبول الشباب"
"Society Baseball","스포츠","야구","사회인 야구","스포츠",3,"Society Baseball","사회인 야구","社会野球","社会棒球","社會棒球","Béisbol de la sociedad","Общество бейсбол","مجتمع البيسبول"
"Female Baseball","스포츠","야구","여성 야구","스포츠",3,"Female Baseball","여성 야구","女性野球","女棒球","女棒球","Béisbol femenino","Женский бейсбол","بيسبول أنثى"
"Etc","스포츠","야구","기타","스포츠",3,"Etc","기타","等","ETC","ETC","etc.","и т. д.","إلخ"
"Basketball","스포츠","농구","","스포츠",2,"Basketball","농구","バスケットボール","篮球","籃球","baloncesto","баскетбол","كرة سلة"
"Volleyball","스포츠","배구","","스포츠",2,"Volleyball","배구","バレーボール","排球","排球","vóleibol","волейбол","الكرة الطائرة"
"Tennis/Badminton","스포츠","테니스/배드민턴","","스포츠",2,"Tennis/Badminton","테니스/배드민턴","テニス/バドミントン","网球/羽毛球","網球/羽毛球","Tenis/bádminton","Теннис/бадминтон","التنس/الريشة"
"Golf","스포츠","골프","","스포츠",2,"Golf","골프","ゴルフ","高尔夫球","高爾夫球","golf","гольф","الجولف"
"Table Tennis/Billiards","스포츠","탁구/당구","","스포츠",2,"Table Tennis/Billiards","탁구/당구","卓球/ビリヤード","乒乓球/台球","乒乓球/台球","Tenis de mesa/billar","Настольный теннис/бильярд","تنس الجدول/البلياردو"
"Swimming","스포츠","수영","","스포츠",2,"Swimming","수영","水泳","游泳","游泳","nadar","плавание","سباحة"
"Health","스포츠","헬스","","스포츠",2,"Health","헬스","健康","健康","健康","salud","здоровье","صحة"
"Leisure Sports","스포츠","레저 스포츠","","스포츠",2,"Leisure Sports","레저 스포츠","レジャースポーツ","休闲运动","休閒運動","Deportes de ocio","Leisure Sports","الرياضة الترفيهية"
"Martial Arts","스포츠","무술","","스포츠",2,"Martial Arts","무술","武道","武术","武術","Artes marciales","Боевые искусства","الفنون العسكرية"
"Racing","스포츠","레이싱","","스포츠",2,"Racing","레이싱","レース","赛车","賽車","carreras","гонки","سباق"
"Etc","스포츠","기타","","스포츠",2,"Etc","기타","等","ETC","ETC","etc.","и т. д.","إلخ"
"Animal","동물","","","",1,"Animal","동물","動物","动物","動物","animal","животное","حيوان"
"Dog/Puppy","동물","개/강아지","","동물",2,"Dog/Puppy","개/강아지","犬/子犬","狗/小狗","狗/小狗","Perro/cachorro","Собака/щенок","الكلب، الجرو"
"Cat","동물","고양이","","동물",2,"Cat","고양이","猫","猫","貓","gato","кот","قطة"
"New/Bird","동물","새/조류","","동물",2,"New/Bird","새/조류","新しい/鳥","新/鸟","新/鳥","Nuevo/pájaro","Новая/птица","جديد/طائر"
"Fish/Crustaceans","동물","어류/갑각류","","동물",2,"Fish/Crustaceans","어류/갑각류","魚/甲殻類","鱼/甲壳类动物","魚/甲殼類動物","Peces/crustáceos","Рыба/ракообразные","الأسماك/القشريات"
"Reptile/Amphibians","동물","파충류/양서류","","동물",2,"Reptile/Amphibians","파충류/양서류","爬虫類/両生類","爬行动物/两栖动物","爬行動物/兩棲動物","Reptil/anfibios","Рептилия/амфибии","الزواحف/البرمائيات"
"Insects","동물","곤충류","","동물",2,"Insects","곤충류","昆虫","昆虫","昆蟲","Insectos","Насекомые","الحشرات"
"Animal Protection","동물","동물보호","","동물",2,"Animal Protection","동물보호","動物保護","动物保护","動物保護","Protección animal","Защита животных","حماية الحيوان"
"Etc","동물","기타","","동물",2,"Etc","기타","等","ETC","ETC","etc.","и т. д.","إلخ"
"Hobby","취미","","","",1,"Hobby","취미","趣味","爱好","愛好","pasatiempo","хобби","هواية"
"Travel","취미","여행","","취미",2,"Travel","여행","旅行","旅行","旅行","viajar","путешествовать","يسافر"
"Collection","취미","수집","","취미",2,"Collection","수집","コレクション","收藏","收藏","recopilación","коллекция","مجموعة"
"Model","취미","모형","","취미",2,"Model","모형","モデル","模型","模型","modelo","модель","نموذج"
"Handicraft","취미","수공예","","취미",2,"Handicraft","수공예","手芸","手工业","手工業","Artesanía","Ремесленник","حرفي - حرفة يدوية"
"Horticulture","취미","원예","","취미",2,"Horticulture","원예","園芸","园艺","園藝","horticultura","садоводство","البستنة"
"Cosplay","취미","코스프레","","취미",2,"Cosplay","코스프레","コスプレ","角色扮演","角色扮演","cosplay","косплей","التنكر"
"Magic","취미","마술","","취미",2,"Magic","마술","魔法","魔法","魔法","magia","Магия","سحر"
"Play","취미","놀이","","취미",2,"Play","놀이","遊ぶ","玩","玩","jugar","играть","يلعب"
"Etc","취미","기타","","취미",2,"Etc","기타","等","ETC","ETC","etc.","и т. д.","إلخ"
"Fashion/Beauty","패션/미용","","","",1,"Fashion/Beauty","패션/미용","ファッション/美しさ","时尚/美丽","時尚/美麗","Belleza de la moda","Мода/красота","الجمال الأزياء"
"Clothes","패션/미용","의류","","패션/미용",2,"Clothes","의류","服","衣服","衣服","ropa","одежда","ملابس"
"Fashion Miscellaneousization","패션/미용","패션잡화","","패션/미용",2,"Fashion Miscellaneousization","패션잡화","ファッションの雑多化","时尚杂项","時尚雜項","Magelanización de la moda","Мода Разное","الموضة المتنوعة"
"Accessory","패션/미용","액세서리","","패션/미용",2,"Accessory","액세서리","アクセサリー","配饰","配飾","accesorio","аксессуар","الملحق"
"Luxury","패션/미용","명품","","패션/미용",2,"Luxury","명품","贅沢","奢华","奢華","Lujo","Роскошь","رفاهية"
"Skin Care","패션/미용","피부관리","","패션/미용",2,"Skin Care","피부관리","スキンケア","皮肤护理","皮膚護理","Protección de la piel","Уход за кожей","العناية بالبشرة"
"Hair/Nail","패션/미용","헤어/네일","","패션/미용",2,"Hair/Nail","헤어/네일","髪/爪","头发/指甲","頭髮/指甲","Cabello/uña","Волосы/гвоздь","الشعر/الظفر"
"Cosmetics/Perfume","패션/미용","화장/향수","","패션/미용",2,"Cosmetics/Perfume","화장/향수","化粧品/香水","化妆品/香水","化妝品/香水","Cosméticos/perfume","Косметика/духи","مستحضرات التجميل/العطور"
"Plastic Surgery","패션/미용","성형","","패션/미용",2,"Plastic Surgery","성형","形成外科","整形外科","整形外科","cirugía plástica","пластическая хирургия","جراحة تجميلية"
"Health","건강","","","",1,"Health","건강","健康","健康","健康","salud","здоровье","صحة"
"Diet/Diet","건강","식생활/다이어트","","건강",2,"Diet/Diet","식생활/다이어트","ダイエット/ダイエット","饮食/饮食","飲食/飲食","Dieta/dieta","Диета/диета","النظام الغذائي/النظام الغذائي"
"Diet/Eating Habits","건강","식생활/식습관","","건강",2,"Diet/Eating Habits","식생활/식습관","食事/食習慣","饮食/饮食习惯","飲食/飲食習慣","Dieta/hábitos alimenticios","Диета/привычки питания","العادات الغذائية/الأكل"
"Work Out","건강","운동","","건강",2,"Work Out","운동","いい結果","锻炼","鍛煉","ejercicio","тренировка","اكتشف - حل"
"Healthcare","건강","건강관리","","건강",2,"Healthcare","건강관리","健康管理","卫生保健","衛生保健","cuidado de la salud","здравоохранение","الرعاىة الصحية"
"Diet","건강","다이어트","","건강",2,"Diet","다이어트","ダイエット","饮食","飲食","dieta","диета","نظام عذائي"
"Disease/Symptoms","건강","질병/증상","","건강",2,"Disease/Symptoms","질병/증상","病気/症状","疾病/症状","疾病/症狀","Enfermedad/síntoma","Болезнь/симптомы","المرض/الأعراض"
"Medical Institution","건강","의료기관","","건강",2,"Medical Institution","의료기관","医療機関","医疗机构","醫療機構","Institución medica","Медицинское учреждение","مؤسسة طبية"
"Psychological Counseling","건강","심리상담","","건강",2,"Psychological Counseling","심리상담","心理的カウンセリング","心理咨询","心理諮詢","Asesoramiento psicológico","Психологическое консультирование","الإرشاد النفسي"
"Family/Parenting","가족/육아","","","",1,"Family/Parenting","가족/육아","家族/子育て","家庭/育儿","家庭/育兒","Familia/crianza","Семья/воспитание детей","الأسرة/الأبوة والأمومة"
"Marriage","가족/육아","결혼","","가족/육아",2,"Marriage","결혼","結婚","婚姻","婚姻","casamiento","свадьба","زواج"
"Child Welfare/Adoption","가족/육아","아동복지/입양","","가족/육아",2,"Child Welfare/Adoption","아동복지/입양","児童福祉/養子縁組","儿童福利/收养","兒童福利/收養","Bienestar infantil/adopción","Благополучие детей/усыновление","رعاية الطفل/التبني"
"Married Couple","가족/육아","부부","","가족/육아",2,"Married Couple","부부","夫婦","结婚夫妇","結婚夫婦","Pareja casada","женатая пара","زوجين"
"Pregnancy/Childbirth","가족/육아","임신/출산","","가족/육아",2,"Pregnancy/Childbirth","임신/출산","妊娠/出産","怀孕/分娩","懷孕/分娩","Embarazo/parto","Беременность/роды","الحمل/الولادة"
"Parenting/Women","가족/육아","육아/여성","","가족/육아",2,"Parenting/Women","육아/여성","子育て/女性","育儿/妇女","育兒/婦女","Crianza/mujer","Воспитание/Женщины","الأبوة والأمومة/النساء"
"Family/Family Event","가족/육아","가족/가족행사","","가족/육아",2,"Family/Family Event","가족/가족행사","家族/家族イベント","家庭/家庭活动","家庭/家庭活動","Evento familiar/familiar","Семейное/семейное мероприятие","حدث عائلي/عائلي"
"Immigrant","가족/육아","이민","","가족/육아",2,"Immigrant","이민","移民","移民","移民","inmigrante","иммигрант","مهاجر"
"Digital/It","디지털/IT","","","",1,"Digital/It","디지털/IT","デジタル/それ","数字/IT","數字/IT","Digital/","Цифровой/это","رقمية/"
"Programming","디지털/IT","프로그래밍","","디지털/IT",2,"Programming","프로그래밍","プログラミング","编程","程式設計","programación","программирование","برمجة"
"Communication/Network","디지털/IT","통신/네트워크","","디지털/IT",2,"Communication/Network","통신/네트워크","通信/ネットワーク","通信/网络","通信/網絡","Red de comunicacion","Коммуникация/сеть","شبكة اتصال"
"Web Design/Web Planning","디지털/IT","웹디자인/웹기획","","디지털/IT",2,"Web Design/Web Planning","웹디자인/웹기획","Webデザイン/Web計画","网页设计/网络计划","網頁設計/網絡計劃","Diseño web/planificación web","Веб -дизайн/веб -планирование","تصميم الويب/تخطيط الويب"
"Operating System","디지털/IT","운영체제","","디지털/IT",2,"Operating System","운영체제","オペレーティング·システム","操作系统","作業系統","Sistema operativo","Операционная система","نظام التشغيل"
"Software","디지털/IT","소프트웨어","","디지털/IT",2,"Software","소프트웨어","ソフトウェア","软件","軟體","software","программное обеспечение","برمجة"
"Hardware","디지털/IT","하드웨어","","디지털/IT",2,"Hardware","하드웨어","ハードウェア","硬件","硬體","hardware","аппаратное обеспечение","المعدات"
"Multimedia","디지털/IT","멀티미디어","","디지털/IT",2,"Multimedia","멀티미디어","マルチメディア","多媒体","多媒體","Multimedia","Мультимедиа","الوسائط المتعددة"
"Security","디지털/IT","보안","","디지털/IT",2,"Security","보안","安全","安全","安全","seguridad","безопасность","حماية"
"Mobile","디지털/IT","모바일","","디지털/IT",2,"Mobile","모바일","携帯","移动的","移動的","móvil","мобильный","متحرك"
"Finance","금융","","","",1,"Finance","금융","ファイナンス","金融","金融","finanzas","финансы","تمويل"
"Invest","금융","투자","","금융",2,"Invest","투자","投資する","投资","投資","invertir","вкладывать деньги","يستثمر"
"Insurance","금융","보험","","금융",2,"Insurance","보험","保険","保险","保險","seguro","страхование","تأمين"
"Real Estate","금융","부동산","","금융",2,"Real Estate","부동산","不動産","房地产","房地產","bienes raíces","недвижимость","العقارات"
"Cryptocurrency","금융","가상화폐","","금융",2,"Cryptocurrency","가상화폐","暗号通貨","加密货币","加密貨幣","Criptomoneda","Криптовалюта","عملة مشفرة"
"Bitcoin","금융","가상화폐","비트코인","금융",3,"Bitcoin","비트코인","ビットコイン","比特币","比特幣","Bitcoin","Биткойн","بيتكوين"
"Ethereum","금융","가상화폐","이더리움","금융",3,"Ethereum","이더리움","イーサリアム","以太坊","以太坊","Ethereum","Ethereum","ethereum"
"Ripple","금융","가상화폐","리플","금융",3,"Ripple","리플","波紋","波纹","波紋","onda","пульс","تموج"
"Av","금융","가상화폐","에이브","금융",3,"Av","에이브","av","av","av","AV","Средний","av"
"Multi Bus X","금융","가상화폐","멀티버스엑스","금융",3,"Multi Bus X","멀티버스엑스","マルチバスx","多巴士X","多巴士X","Multi Bus X","Multi Bus x","Multi Bus X."
"Solana","금융","가상화폐","솔라나","금융",3,"Solana","솔라나","ソラナ","索拉纳","索拉納","Solana","Солана","سولانا"
"Strike","금융","가상화폐","스트라이크","금융",3,"Strike","스트라이크","ストライク","罢工","罷工","huelga","ударять","يضرب"
"Etc","금융","가상화폐","기타","금융",3,"Etc","기타","等","ETC","ETC","etc.","и т. д.","إلخ"
"Nft","금융","NFT","","금융",2,"Nft","NFT","NFT","nft","nft","NFT","Не","NFT"
"Asset Management","금융","자산관리","","금융",2,"Asset Management","자산관리","資産運用管理","资产管理","資產管理","Gestión de activos","Управление активами","إدارة الأصول"
"Education","교육","","","",1,"Education","교육","教育","教育","教育","educación","образование","تعليم"
"Infant","교육","영유아","","교육",2,"Infant","영유아","幼児","婴儿","嬰兒","Niño","Младенец","رضيع"
"Elementary School","교육","초등학교","","교육",2,"Elementary School","초등학교","小学校","小学","小學","escuela primaria","Начальная школа","مدرسة ابتدائية"
"Middle School","교육","중학교","","교육",2,"Middle School","중학교","中学校","中学","中學","escuela intermedia","Средняя школа","المدرسة المتوسطة"
"High School","교육","고등학교","","교육",2,"High School","고등학교","高校","中学","中學","escuela secundaria","средняя школа","المدرسة الثانوية"
"University","교육","대학교","","교육",2,"University","대학교","大学","大学","大學","universidad","Университет","جامعة"
"Special Education","교육","특수교육","","교육",2,"Special Education","특수교육","特別教育","特殊教育","特殊教育","Educación especial","Специальное образование","التعليم الخاص"
"Vocational Education","교육","직업교육","","교육",2,"Vocational Education","직업교육","職業教育","职业教育","職業教育","Educación vocacional","Профессионально-техническое образование","التعليم المهني"
"Lifelong Education","교육","평생교육","","교육",2,"Lifelong Education","평생교육","生涯教育","终身教育","終身教育","Educación para toda la vida","Пожизненное образование","التعليم مدى الحياة"
"Studying Abroad/Language Training","교육","유학/어학연수","","교육",2,"Studying Abroad/Language Training","유학/어학연수","留学/言語トレーニング","在国外学习/语言培训","在國外學習/語言培訓","Estudiar en el extranjero/capacitación en idiomas","Обучение за границей/обучение на языке","الدراسة في الخارج/التدريب على اللغة"
"Academy/Tutoring","교육","학원/과외","","교육",2,"Academy/Tutoring","학원/과외","アカデミー/家庭教師","学院/辅导","學院/輔導","Academia/Tutoría","Академия/репетиторство","الأكاديمية/الدروس"
"Test/Certificate","교육","시험/자격증","","교육",2,"Test/Certificate","시험/자격증","テスト証明書","测试/证书","測試/證書","Certificado de prueba","Свидетельство об испытании","شهادة اختبار"
"Education Method/Policy","교육","교육방법/정책","","교육",2,"Education Method/Policy","교육방법/정책","教育方法/ポリシー","教育方法/政策","教育方法/政策","Método/política de educación","Метод образования/политика","طريقة التعليم/السياسة"
"Politics/Society","정치/사회","","","",1,"Politics/Society","정치/사회","政治/社会","政治/社会","政治/社會","Política/sociedad","Политика/Общество","السياسة/المجتمع"
"Law","정치/사회","법","","정치/사회",2,"Law","법","法","法律","法律","ley","закон","قانون"
"Administrative/Complaint","정치/사회","행정/민원","","정치/사회",2,"Administrative/Complaint","행정/민원","管理/苦情","行政/投诉","行政/投訴","Administrativo/queja","Административная/жалоба","الإدارية/الشكوى"
"Politics/Election","정치/사회","정치/선거","","정치/사회",2,"Politics/Election","정치/선거","政治/選挙","政治/选举","政治/選舉","Política/elección","Политика/Выборы","السياسة/الانتخابات"
"International Relationship/Unification","정치/사회","국제관계/통일","","정치/사회",2,"International Relationship/Unification","국제관계/통일","国際関係/統一","国际关系/统一","國際關係/統一","Relación/unificación internacional","Международные отношения/объединение","العلاقة الدولية/التوحيد"
"Defense/Military Service","정치/사회","국방/병역","","정치/사회",2,"Defense/Military Service","국방/병역","防衛/兵役","国防/兵役","國防/兵役","Servicio Militar de Defensa","Защита/военная служба","الدفاع/الخدمة العسكرية"
"Environment/Disaster Disaster","정치/사회","환경/재난재해","","정치/사회",2,"Environment/Disaster Disaster","환경/재난재해","環境/災害災害","环境/灾难","環境/災難","Medio ambiente/desastre de desastres","Эконария/стихийное бедствие","بيئة/كارثة كارثة"
"Welfare/Human Rights","정치/사회","복지/인권","","정치/사회",2,"Welfare/Human Rights","복지/인권","福祉/人権","福利/人权","福利/人權","Bienestar/derechos humanos","Благосостояние/права человека","الرفاه/حقوق الإنسان"
"Social Culture","정치/사회","사회문화","","정치/사회",2,"Social Culture","사회문화","社会文化","社会文化","社會文化","Cultura social","Социальная культура","الثقافة الاجتماعية"
"Politics/Social General","정치/사회","정치/사회일반","","정치/사회",2,"Politics/Social General","정치/사회일반","政治/社会的将軍","政治/社会将军","政治/社會將軍","Política/General Social","Политика/Социальный общий","السياسة/الجنرال الاجتماعي"
"Volunteer/Charity","정치/사회","자원봉사/자선","","정치/사회",2,"Volunteer/Charity","자원봉사/자선","ボランティア/チャリティー","志愿者/慈善机构","志願者/慈善機構","Voluntario/caridad","Волонтер/благотворительность","متطوع/خيري"
"Religion","종교","","","",1,"Religion","종교","宗教","宗教","宗教","religión","религия","دِين"
"Catholic","종교","가톨릭","","종교",2,"Catholic","가톨릭","カトリック","天主教徒","天主教徒","católico","Католик","كاثوليكي"
"Protestantism","종교","개신교","","종교",2,"Protestantism","개신교","プロテスタント","新教","新教","protestantismo","Протестантизм","البروتستانتية"
"Islam","종교","이슬람교","","종교",2,"Islam","이슬람교","イスラム教","伊斯兰教","伊斯蘭教","islam","ислам","دين الاسلام"
"Judaism","종교","유대교","","종교",2,"Judaism","유대교","ユダヤ教","犹太教","猶太教","judaísmo","Иудаизм","اليهودية"
"Hinduism","종교","힌두교","","종교",2,"Hinduism","힌두교","ヒンドゥー教","印度教","印度教","hinduismo","индуизм","الهندوسية"
"Buddhism","종교","불교","","종교",2,"Buddhism","불교","仏教","佛教","佛教","budismo","буддизм","البوذية"
"Shamanism","종교","샤머니즘","","종교",2,"Shamanism","샤머니즘","シャーマニズム","萨满教","薩滿教","Chamanismo","Шаманизм","الشامانية"
"Small Religion","종교","소규모종교","","종교",2,"Small Religion","소규모종교","小さな宗教","小宗教","小宗教","Pequeña religión","Небольшая религия","دين صغير"
